﻿44a - Proportion of seats held by women in national parliament

Indicator Name,Region,Country Code,Country,Year,Sex,Age,Location,Occupation,Value,LowerBound,UpperBound,Unit,NatureData,OriginData,Footnote1,Footnote2,Footnote3,Footnote4,Footnote5,Footnote6,Coverage
Proportion of seats held by women in national parliament,Southern Asia,4,Afghanistan,2017,Female,-,-,-,27.7108,-,-,Percentage,Country data,-,Annual data as of 1 Feb of given year.,-,-,-,-
Proportion of seats held by women in national parliament,Southern Asia,50,Bangladesh,2017,Female,-,-,-,20.2857,-,-,Percentage,Country data,-,Annual data as of 1 Feb of given year.,-,-,-,-
Proportion of seats held by women in national parliament,Southern Asia,64,Bhutan,2017,Female,-,-,-,8.5106,-,-,Percentage,Country data,-,Annual data as of 1 Feb of given year.,-,-,-,-
Proportion of seats held by women in national parliament,Southern Asia,144,Sri Lanka,2017,Female,-,-,-,5.7778,-,-,Percentage,Country data,-,Annual data as of 1 Feb of given year.,-,-,-,-
Proportion of seats held by women in national parliament,Southern Asia,356,India,2017,Female,-,-,-,11.8081,-,-,Percentage,Country data,-,Annual data as of 1 Feb of given year.,-,-,-,-
Proportion of seats held by women in national parliament,Southern Asia,364,Iran (Islamic Republic of),2017,Female,-,-,-,5.8824,-,-,Percentage,Country data,-,Annual data as of 1 Feb of given year.,-,-,-,-
Proportion of seats held by women in national parliament,Southern Asia,462,Maldives,2017,Female,-,-,-,5.8824,-,-,Percentage,Country data,-,Annual data as of 1 Feb of given year.,-,-,-,-
Proportion of seats held by women in national parliament,Southern Asia,524,Nepal,2017,Female,-,-,-,29.5798,-,-,Percentage,Country data,-,Annual data as of 1 Feb of given year.,-,-,-,-
Proportion of seats held by women in national parliament,Southern Asia,586,Pakistan,2017,Female,-,-,-,20.5882,-,-,Percentage,Country data,-,Annual data as of 1 Feb of given year.,-,-,-,-
Proportion of seats held by women in national parliament,Developed regions,8,Albania,2017,Female,-,-,-,22.8571,-,-,Percentage,Country data,-,Annual data as of 1 Feb of given year.,-,-,-,-
Proportion of seats held by women in national parliament,Developed regions,20,Andorra,2017,Female,-,-,-,32.1429,-,-,Percentage,Country data,-,Annual data as of 1 Feb of given year.,-,-,-,-
Proportion of seats held by women in national parliament,Developed regions,36,Australia,2017,Female,-,-,-,28.6667,-,-,Percentage,Country data,-,Annual data as of 1 Feb of given year.,-,-,-,-
Proportion of seats held by women in national parliament,Developed regions,40,Austria,2017,Female,-,-,-,30.6011,-,-,Percentage,Country data,-,Annual data as of 1 Feb of given year.,-,-,-,-
Proportion of seats held by women in national parliament,Developed regions,56,Belgium,2017,Female,-,-,-,38,-,-,Percentage,Country data,-,Annual data as of 1 Feb of given year.,-,-,-,-
Proportion of seats held by women in national parliament,Developed regions,70,Bosnia and Herzegovina,2017,Female,-,-,-,21.4286,-,-,Percentage,Country data,-,Annual data as of 1 Feb of given year.,-,-,-,-
Proportion of seats held by women in national parliament,Developed regions,100,Bulgaria,2017,Female,-,-,-,19.1667,-,-,Percentage,Country data,-,Annual data as of 1 Feb of given year.,-,-,-,-
Proportion of seats held by women in national parliament,Developed regions,112,Belarus,2017,Female,-,-,-,34.5455,-,-,Percentage,Country data,-,Annual data as of 1 Feb of given year.,-,-,-,-
Proportion of seats held by women in national parliament,Developed regions,124,Canada,2017,Female,-,-,-,26.2687,-,-,Percentage,Country data,-,Annual data as of 1 Feb of given year.,-,-,-,-
Proportion of seats held by women in national parliament,Developed regions,191,Croatia,2017,Female,-,-,-,19.8675,-,-,Percentage,Country data,-,Annual data as of 1 Feb of given year.,-,-,-,-
Proportion of seats held by women in national parliament,Developed regions,196,Cyprus,2017,Female,-,-,-,17.8571,-,-,Percentage,Country data,-,Annual data as of 1 Feb of given year.,-,-,-,-
Proportion of seats held by women in national parliament,Developed regions,203,Czech Republic,2017,Female,-,-,-,20,-,-,Percentage,Country data,-,Annual data as of 1 Feb of given year.,-,-,-,-
Proportion of seats held by women in national parliament,Developed regions,208,Denmark,2017,Female,-,-,-,37.4302,-,-,Percentage,Country data,-,Annual data as of 1 Feb of given year.,-,-,-,-
Proportion of seats held by women in national parliament,Developed regions,233,Estonia,2017,Female,-,-,-,26.7327,-,-,Percentage,Country data,-,Annual data as of 1 Feb of given year.,-,-,-,-
Proportion of seats held by women in national parliament,Developed regions,246,Finland,2017,Female,-,-,-,42,-,-,Percentage,Country data,-,Annual data as of 1 Feb of given year.,-,-,-,-
Proportion of seats held by women in national parliament,Developed regions,250,France,2017,Female,-,-,-,25.8232,-,-,Percentage,Country data,-,Annual data as of 1 Feb of given year.,-,-,-,-
Proportion of seats held by women in national parliament,Developed regions,276,Germany,2017,Female,-,-,-,36.9841,-,-,Percentage,Country data,-,Annual data as of 1 Feb of given year.,-,-,-,-
Proportion of seats held by women in national parliament,Developed regions,300,Greece,2017,Female,-,-,-,18.3333,-,-,Percentage,Country data,-,Annual data as of 1 Feb of given year.,-,-,-,-
Proportion of seats held by women in national parliament,Developed regions,348,Hungary,2017,Female,-,-,-,10.0503,-,-,Percentage,Country data,-,Annual data as of 1 Feb of given year.,-,-,-,-
Proportion of seats held by women in national parliament,Developed regions,352,Iceland,2017,Female,-,-,-,47.619,-,-,Percentage,Country data,-,Annual data as of 1 Feb of given year.,-,-,-,-
Proportion of seats held by women in national parliament,Developed regions,372,Ireland,2017,Female,-,-,-,22.1519,-,-,Percentage,Country data,-,Annual data as of 1 Feb of given year.,-,-,-,-
Proportion of seats held by women in national parliament,Developed regions,376,Israel,2017,Female,-,-,-,27.5,-,-,Percentage,Country data,-,Annual data as of 1 Feb of given year.,-,-,-,-
Proportion of seats held by women in national parliament,Developed regions,380,Italy,2017,Female,-,-,-,30.9524,-,-,Percentage,Country data,-,Annual data as of 1 Feb of given year.,-,-,-,-
Proportion of seats held by women in national parliament,Developed regions,392,Japan,2017,Female,-,-,-,9.2632,-,-,Percentage,Country data,-,Annual data as of 1 Feb of given year.,-,-,-,-
Proportion of seats held by women in national parliament,Developed regions,428,Latvia,2017,Female,-,-,-,16,-,-,Percentage,Country data,-,Annual data as of 1 Feb of given year.,-,-,-,-
Proportion of seats held by women in national parliament,Developed regions,438,Liechtenstein,2017,Female,-,-,-,12,-,-,Percentage,Country data,-,Annual data as of 1 Feb of given year.,-,-,-,-
Proportion of seats held by women in national parliament,Developed regions,440,Lithuania,2017,Female,-,-,-,21.2766,-,-,Percentage,Country data,-,Annual data as of 1 Feb of given year.,-,-,-,-
Proportion of seats held by women in national parliament,Developed regions,442,Luxembourg,2017,Female,-,-,-,28.3333,-,-,Percentage,Country data,-,Annual data as of 1 Feb of given year.,-,-,-,-
Proportion of seats held by women in national parliament,Developed regions,470,Malta,2017,Female,-,-,-,12.5,-,-,Percentage,Country data,-,Annual data as of 1 Feb of given year.,-,-,-,-
Proportion of seats held by women in national parliament,Developed regions,492,Monaco,2017,Female,-,-,-,20.8333,-,-,Percentage,Country data,-,Annual data as of 1 Feb of given year.,-,-,-,-
Proportion of seats held by women in national parliament,Developed regions,498,Republic of Moldova,2017,Female,-,-,-,22.7723,-,-,Percentage,Country data,-,Annual data as of 1 Feb of given year.,-,-,-,-
Proportion of seats held by women in national parliament,Developed regions,499,Montenegro,2017,Female,-,-,-,23.4568,-,-,Percentage,Country data,-,Annual data as of 1 Feb of given year.,-,-,-,-
Proportion of seats held by women in national parliament,Developed regions,528,Netherlands,2017,Female,-,-,-,38,-,-,Percentage,Country data,-,Annual data as of 1 Feb of given year.,-,-,-,-
Proportion of seats held by women in national parliament,Developed regions,554,New Zealand,2017,Female,-,-,-,34.1667,-,-,Percentage,Country data,-,Annual data as of 1 Feb of given year.,-,-,-,-
Proportion of seats held by women in national parliament,Developed regions,578,Norway,2017,Female,-,-,-,39.645,-,-,Percentage,Country data,-,Annual data as of 1 Feb of given year.,-,-,-,-
Proportion of seats held by women in national parliament,Developed regions,616,Poland,2017,Female,-,-,-,28.0435,-,-,Percentage,Country data,-,Annual data as of 1 Feb of given year.,-,-,-,-
Proportion of seats held by women in national parliament,Developed regions,620,Portugal,2017,Female,-,-,-,34.7826,-,-,Percentage,Country data,-,Annual data as of 1 Feb of given year.,-,-,-,-
Proportion of seats held by women in national parliament,Developed regions,642,Romania,2017,Female,-,-,-,20.6687,-,-,Percentage,Country data,-,Annual data as of 1 Feb of given year.,-,-,-,-
Proportion of seats held by women in national parliament,Developed regions,643,Russian Federation,2017,Female,-,-,-,15.7778,-,-,Percentage,Country data,-,Annual data as of 1 Feb of given year.,-,-,-,-
Proportion of seats held by women in national parliament,Developed regions,674,San Marino,2017,Female,-,-,-,26.6667,-,-,Percentage,Country data,-,Annual data as of 1 Feb of given year.,-,-,-,-
Proportion of seats held by women in national parliament,Developed regions,688,Serbia,2017,Female,-,-,-,34.4,-,-,Percentage,Country data,-,Annual data as of 1 Feb of given year.,-,-,-,-
Proportion of seats held by women in national parliament,Developed regions,703,Slovakia,2017,Female,-,-,-,20,-,-,Percentage,Country data,-,Annual data as of 1 Feb of given year.,-,-,-,-
Proportion of seats held by women in national parliament,Developed regions,705,Slovenia,2017,Female,-,-,-,36.6667,-,-,Percentage,Country data,-,Annual data as of 1 Feb of given year.,-,-,-,-
Proportion of seats held by women in national parliament,Developed regions,724,Spain,2017,Female,-,-,-,39.1429,-,-,Percentage,Country data,-,Annual data as of 1 Feb of given year.,-,-,-,-
Proportion of seats held by women in national parliament,Developed regions,752,Sweden,2017,Female,-,-,-,43.553,-,-,Percentage,Country data,-,Annual data as of 1 Feb of given year.,-,-,-,-
Proportion of seats held by women in national parliament,Developed regions,756,Switzerland,2017,Female,-,-,-,32.5,-,-,Percentage,Country data,-,Annual data as of 1 Feb of given year.,-,-,-,-
Proportion of seats held by women in national parliament,Developed regions,804,Ukraine,2017,Female,-,-,-,12.2931,-,-,Percentage,Country data,-,Annual data as of 1 Feb of given year.,-,-,-,-
Proportion of seats held by women in national parliament,Developed regions,807,North Macedonia,2017,Female,-,-,-,31.6667,-,-,Percentage,Country data,-,Annual data as of 1 Feb of given year.,-,-,-,-
Proportion of seats held by women in national parliament,Developed regions,826,United Kingdom of Great Britain and Northern Ireland,2017,Female,-,-,-,30,-,-,Percentage,Country data,-,Annual data as of 1 Feb of given year.,-,-,-,-
Proportion of seats held by women in national parliament,Developed regions,840,United States of America,2017,Female,-,-,-,19.0805,-,-,Percentage,Country data,-,Annual data as of 1 Feb of given year.,-,-,-,-
Proportion of seats held by women in national parliament,Northern Africa,12,Algeria,2017,Female,-,-,-,31.6017,-,-,Percentage,Country data,-,Annual data as of 1 Feb of given year.,-,-,-,-
Proportion of seats held by women in national parliament,Northern Africa,434,Libya,2017,Female,-,-,-,15.9574,-,-,Percentage,Country data,-,Annual data as of 1 Feb of given year.,-,-,-,-
Proportion of seats held by women in national parliament,Northern Africa,504,Morocco,2017,Female,-,-,-,20.5063,-,-,Percentage,Country data,-,Annual data as of 1 Feb of given year.,-,-,-,-
Proportion of seats held by women in national parliament,Northern Africa,788,Tunisia,2017,Female,-,-,-,31.3364,-,-,Percentage,Country data,-,Annual data as of 1 Feb of given year.,-,-,-,-
Proportion of seats held by women in national parliament,Northern Africa,818,Egypt,2017,Female,-,-,-,14.9329,-,-,Percentage,Country data,-,Annual data as of 1 Feb of given year.,-,-,-,-
Proportion of seats held by women in national parliament,Oceania,90,Solomon Islands,2017,Female,-,-,-,2,-,-,Percentage,Country data,-,Annual data as of 1 Feb of given year.,-,-,-,-
Proportion of seats held by women in national parliament,Oceania,242,Fiji,2017,Female,-,-,-,16,-,-,Percentage,Country data,-,Annual data as of 1 Feb of given year.,-,-,-,-
Proportion of seats held by women in national parliament,Oceania,296,Kiribati,2017,Female,-,-,-,6.5217,-,-,Percentage,Country data,-,Annual data as of 1 Feb of given year.,-,-,-,-
Proportion of seats held by women in national parliament,Oceania,520,Nauru,2017,Female,-,-,-,10.5263,-,-,Percentage,Country data,-,Annual data as of 1 Feb of given year.,-,-,-,-
Proportion of seats held by women in national parliament,Oceania,548,Vanuatu,2017,Female,-,-,-,0,-,-,Percentage,Country data,-,Annual data as of 1 Feb of given year.,-,-,-,-
Proportion of seats held by women in national parliament,Oceania,583,Micronesia (Federated States of),2017,Female,-,-,-,0,-,-,Percentage,Country data,-,Annual data as of 1 Feb of given year.,-,-,-,-
Proportion of seats held by women in national parliament,Oceania,584,Marshall Islands,2017,Female,-,-,-,9.0909,-,-,Percentage,Country data,-,Annual data as of 1 Feb of given year.,-,-,-,-
Proportion of seats held by women in national parliament,Oceania,585,Palau,2017,Female,-,-,-,12.5,-,-,Percentage,Country data,-,Annual data as of 1 Feb of given year.,-,-,-,-
Proportion of seats held by women in national parliament,Oceania,598,Papua New Guinea,2017,Female,-,-,-,2.7027,-,-,Percentage,Country data,-,Annual data as of 1 Feb of given year.,-,-,-,-
Proportion of seats held by women in national parliament,Oceania,776,Tonga,2017,Female,-,-,-,3.8462,-,-,Percentage,Country data,-,Annual data as of 1 Feb of given year.,-,-,-,-
Proportion of seats held by women in national parliament,Oceania,798,Tuvalu,2017,Female,-,-,-,6.6667,-,-,Percentage,Country data,-,Annual data as of 1 Feb of given year.,-,-,-,-
Proportion of seats held by women in national parliament,Oceania,882,Samoa,2017,Female,-,-,-,10,-,-,Percentage,Country data,-,Annual data as of 1 Feb of given year.,-,-,-,-
Proportion of seats held by women in national parliament,Sub-Saharan Africa,24,Angola,2017,Female,-,-,-,38.1818,-,-,Percentage,Country data,-,Annual data as of 1 Feb of given year.,-,-,-,-
Proportion of seats held by women in national parliament,Sub-Saharan Africa,72,Botswana,2017,Female,-,-,-,9.5238,-,-,Percentage,Country data,-,Annual data as of 1 Feb of given year.,-,-,-,-
Proportion of seats held by women in national parliament,Sub-Saharan Africa,108,Burundi,2017,Female,-,-,-,36.3636,-,-,Percentage,Country data,-,Annual data as of 1 Feb of given year.,-,-,-,-
Proportion of seats held by women in national parliament,Sub-Saharan Africa,120,Cameroon,2017,Female,-,-,-,31.1111,-,-,Percentage,Country data,-,Annual data as of 1 Feb of given year.,-,-,-,-
Proportion of seats held by women in national parliament,Sub-Saharan Africa,132,Cabo Verde,2017,Female,-,-,-,23.6111,-,-,Percentage,Country data,-,Annual data as of 1 Feb of given year.,-,-,-,-
Proportion of seats held by women in national parliament,Sub-Saharan Africa,140,Central African Republic,2017,Female,-,-,-,8.5714,-,-,Percentage,Country data,-,Annual data as of 1 Feb of given year.,-,-,-,-
Proportion of seats held by women in national parliament,Sub-Saharan Africa,148,Chad,2017,Female,-,-,-,12.766,-,-,Percentage,Country data,-,Annual data as of 1 Feb of given year.,-,-,-,-
Proportion of seats held by women in national parliament,Sub-Saharan Africa,174,Comoros,2017,Female,-,-,-,6.0606,-,-,Percentage,Country data,-,Annual data as of 1 Feb of given year.,-,-,-,-
Proportion of seats held by women in national parliament,Sub-Saharan Africa,178,Congo,2017,Female,-,-,-,7.3529,-,-,Percentage,Country data,-,Annual data as of 1 Feb of given year.,-,-,-,-
Proportion of seats held by women in national parliament,Sub-Saharan Africa,180,Democratic Republic of the Congo,2017,Female,-,-,-,8.9431,-,-,Percentage,Country data,-,Annual data as of 1 Feb of given year.,-,-,-,-
Proportion of seats held by women in national parliament,Sub-Saharan Africa,204,Benin,2017,Female,-,-,-,7.2289,-,-,Percentage,Country data,-,Annual data as of 1 Feb of given year.,-,-,-,-
Proportion of seats held by women in national parliament,Sub-Saharan Africa,226,Equatorial Guinea,2017,Female,-,-,-,24,-,-,Percentage,Country data,-,Annual data as of 1 Feb of given year.,-,-,-,-
Proportion of seats held by women in national parliament,Sub-Saharan Africa,231,Ethiopia,2017,Female,-,-,-,38.7569,-,-,Percentage,Country data,-,Annual data as of 1 Feb of given year.,-,-,-,-
Proportion of seats held by women in national parliament,Sub-Saharan Africa,232,Eritrea,2017,Female,-,-,-,22,-,-,Percentage,Country data,-,Annual data as of 1 Feb of given year.,-,-,-,-
Proportion of seats held by women in national parliament,Sub-Saharan Africa,262,Djibouti,2017,Female,-,-,-,10.7692,-,-,Percentage,Country data,-,Annual data as of 1 Feb of given year.,-,-,-,-
Proportion of seats held by women in national parliament,Sub-Saharan Africa,266,Gabon,2017,Female,-,-,-,17.094,-,-,Percentage,Country data,-,Annual data as of 1 Feb of given year.,-,-,-,-
Proportion of seats held by women in national parliament,Sub-Saharan Africa,270,Gambia,2017,Female,-,-,-,9.434,-,-,Percentage,Country data,-,Annual data as of 1 Feb of given year.,-,-,-,-
Proportion of seats held by women in national parliament,Sub-Saharan Africa,288,Ghana,2017,Female,-,-,-,12.7273,-,-,Percentage,Country data,-,Annual data as of 1 Feb of given year.,-,-,-,-
Proportion of seats held by women in national parliament,Sub-Saharan Africa,324,Guinea,2017,Female,-,-,-,21.9298,-,-,Percentage,Country data,-,Annual data as of 1 Feb of given year.,-,-,-,-
Proportion of seats held by women in national parliament,Sub-Saharan Africa,384,Côte d'Ivoire,2017,Female,-,-,-,11.4625,-,-,Percentage,Country data,-,Annual data as of 1 Feb of given year.,-,-,-,-
Proportion of seats held by women in national parliament,Sub-Saharan Africa,404,Kenya,2017,Female,-,-,-,19.4286,-,-,Percentage,Country data,-,Annual data as of 1 Feb of given year.,-,-,-,-
Proportion of seats held by women in national parliament,Sub-Saharan Africa,426,Lesotho,2017,Female,-,-,-,25,-,-,Percentage,Country data,-,Annual data as of 1 Feb of given year.,-,-,-,-
Proportion of seats held by women in national parliament,Sub-Saharan Africa,430,Liberia,2017,Female,-,-,-,12.3288,-,-,Percentage,Country data,-,Annual data as of 1 Feb of given year.,-,-,-,-
Proportion of seats held by women in national parliament,Sub-Saharan Africa,450,Madagascar,2017,Female,-,-,-,19.2053,-,-,Percentage,Country data,-,Annual data as of 1 Feb of given year.,-,-,-,-
Proportion of seats held by women in national parliament,Sub-Saharan Africa,454,Malawi,2017,Female,-,-,-,16.6667,-,-,Percentage,Country data,-,Annual data as of 1 Feb of given year.,-,-,-,-
Proportion of seats held by women in national parliament,Sub-Saharan Africa,466,Mali,2017,Female,-,-,-,8.8435,-,-,Percentage,Country data,-,Annual data as of 1 Feb of given year.,-,-,-,-
Proportion of seats held by women in national parliament,Sub-Saharan Africa,478,Mauritania,2017,Female,-,-,-,25.1701,-,-,Percentage,Country data,-,Annual data as of 1 Feb of given year.,-,-,-,-
Proportion of seats held by women in national parliament,Sub-Saharan Africa,480,Mauritius,2017,Female,-,-,-,11.5942,-,-,Percentage,Country data,-,Annual data as of 1 Feb of given year.,-,-,-,-
Proportion of seats held by women in national parliament,Sub-Saharan Africa,508,Mozambique,2017,Female,-,-,-,39.6,-,-,Percentage,Country data,-,Annual data as of 1 Feb of given year.,-,-,-,-
Proportion of seats held by women in national parliament,Sub-Saharan Africa,516,Namibia,2017,Female,-,-,-,41.3462,-,-,Percentage,Country data,-,Annual data as of 1 Feb of given year.,-,-,-,-
Proportion of seats held by women in national parliament,Sub-Saharan Africa,562,Niger,2017,Female,-,-,-,16.9591,-,-,Percentage,Country data,-,Annual data as of 1 Feb of given year.,-,-,-,-
Proportion of seats held by women in national parliament,Sub-Saharan Africa,566,Nigeria,2017,Female,-,-,-,5.5556,-,-,Percentage,Country data,-,Annual data as of 1 Feb of given year.,-,-,-,-
Proportion of seats held by women in national parliament,Sub-Saharan Africa,624,Guinea-Bissau,2017,Female,-,-,-,13.7255,-,-,Percentage,Country data,-,Annual data as of 1 Feb of given year.,-,-,-,-
Proportion of seats held by women in national parliament,Sub-Saharan Africa,646,Rwanda,2017,Female,-,-,-,61.25,-,-,Percentage,Country data,-,Annual data as of 1 Feb of given year.,-,-,-,-
Proportion of seats held by women in national parliament,Sub-Saharan Africa,678,Sao Tome and Principe,2017,Female,-,-,-,18.1818,-,-,Percentage,Country data,-,Annual data as of 1 Feb of given year.,-,-,-,-
Proportion of seats held by women in national parliament,Sub-Saharan Africa,686,Senegal,2017,Female,-,-,-,42.6667,-,-,Percentage,Country data,-,Annual data as of 1 Feb of given year.,-,-,-,-
Proportion of seats held by women in national parliament,Sub-Saharan Africa,690,Seychelles,2017,Female,-,-,-,21.2121,-,-,Percentage,Country data,-,Annual data as of 1 Feb of given year.,-,-,-,-
Proportion of seats held by women in national parliament,Sub-Saharan Africa,694,Sierra Leone,2017,Female,-,-,-,12.3967,-,-,Percentage,Country data,-,Annual data as of 1 Feb of given year.,-,-,-,-
Proportion of seats held by women in national parliament,Sub-Saharan Africa,706,Somalia,2017,Female,-,-,-,24.2424,-,-,Percentage,Country data,-,Annual data as of 1 Feb of given year.,-,-,-,-
Proportion of seats held by women in national parliament,Sub-Saharan Africa,710,South Africa,2017,Female,-,-,-,42.1717,-,-,Percentage,Country data,-,Annual data as of 1 Feb of given year.,-,-,-,-
Proportion of seats held by women in national parliament,Sub-Saharan Africa,716,Zimbabwe,2017,Female,-,-,-,32.5926,-,-,Percentage,Country data,-,Annual data as of 1 Feb of given year.,-,-,-,-
Proportion of seats held by women in national parliament,Sub-Saharan Africa,728,South Sudan,2017,Female,-,-,-,28.4595,-,-,Percentage,Country data,-,Annual data as of 1 Feb of given year.,-,-,-,-
Proportion of seats held by women in national parliament,Sub-Saharan Africa,729,Sudan,2017,Female,-,-,-,30.5164,-,-,Percentage,Country data,-,Annual data as of 1 Feb of given year.,-,-,-,-
Proportion of seats held by women in national parliament,Sub-Saharan Africa,748,Swaziland,2017,Female,-,-,-,6.1538,-,-,Percentage,Country data,-,Annual data as of 1 Feb of given year.,-,-,-,-
Proportion of seats held by women in national parliament,Sub-Saharan Africa,768,Togo,2017,Female,-,-,-,17.5824,-,-,Percentage,Country data,-,Annual data as of 1 Feb of given year.,-,-,-,-
Proportion of seats held by women in national parliament,Sub-Saharan Africa,800,Uganda,2017,Female,-,-,-,34.2984,-,-,Percentage,Country data,-,Annual data as of 1 Feb of given year.,-,-,-,-
Proportion of seats held by women in national parliament,Sub-Saharan Africa,834,United Republic of Tanzania,2017,Female,-,-,-,36.3868,-,-,Percentage,Country data,-,Annual data as of 1 Feb of given year.,-,-,-,-
Proportion of seats held by women in national parliament,Sub-Saharan Africa,854,Burkina Faso,2017,Female,-,-,-,11.0236,-,-,Percentage,Country data,-,Annual data as of 1 Feb of given year.,-,-,-,-
Proportion of seats held by women in national parliament,Sub-Saharan Africa,894,Zambia,2017,Female,-,-,-,17.9641,-,-,Percentage,Country data,-,Annual data as of 1 Feb of given year.,-,-,-,-
Proportion of seats held by women in national parliament,Latin America and the Caribbean,28,Antigua and Barbuda,2017,Female,-,-,-,11.1111,-,-,Percentage,Country data,-,Annual data as of 1 Feb of given year.,-,-,-,-
Proportion of seats held by women in national parliament,Latin America and the Caribbean,32,Argentina,2017,Female,-,-,-,38.9105,-,-,Percentage,Country data,-,Annual data as of 1 Feb of given year.,-,-,-,-
Proportion of seats held by women in national parliament,Latin America and the Caribbean,44,Bahamas,2017,Female,-,-,-,13.1579,-,-,Percentage,Country data,-,Annual data as of 1 Feb of given year.,-,-,-,-
Proportion of seats held by women in national parliament,Latin America and the Caribbean,52,Barbados,2017,Female,-,-,-,16.6667,-,-,Percentage,Country data,-,Annual data as of 1 Feb of given year.,-,-,-,-
Proportion of seats held by women in national parliament,Latin America and the Caribbean,68,Bolivia (Plurinational State of),2017,Female,-,-,-,53.0769,-,-,Percentage,Country data,-,Annual data as of 1 Feb of given year.,-,-,-,-
Proportion of seats held by women in national parliament,Latin America and the Caribbean,76,Brazil,2017,Female,-,-,-,10.7212,-,-,Percentage,Country data,-,Annual data as of 1 Feb of given year.,-,-,-,-
Proportion of seats held by women in national parliament,Latin America and the Caribbean,84,Belize,2017,Female,-,-,-,9.375,-,-,Percentage,Country data,-,Annual data as of 1 Feb of given year.,-,-,-,-
Proportion of seats held by women in national parliament,Latin America and the Caribbean,152,Chile,2017,Female,-,-,-,15.8333,-,-,Percentage,Country data,-,Annual data as of 1 Feb of given year.,-,-,-,-
Proportion of seats held by women in national parliament,Latin America and the Caribbean,170,Colombia,2017,Female,-,-,-,18.6747,-,-,Percentage,Country data,-,Annual data as of 1 Feb of given year.,-,-,-,-
Proportion of seats held by women in national parliament,Latin America and the Caribbean,188,Costa Rica,2017,Female,-,-,-,35.0877,-,-,Percentage,Country data,-,Annual data as of 1 Feb of given year.,-,-,-,-
Proportion of seats held by women in national parliament,Latin America and the Caribbean,192,Cuba,2017,Female,-,-,-,48.8562,-,-,Percentage,Country data,-,Annual data as of 1 Feb of given year.,-,-,-,-
Proportion of seats held by women in national parliament,Latin America and the Caribbean,212,Dominica,2017,Female,-,-,-,25,-,-,Percentage,Country data,-,Annual data as of 1 Feb of given year.,-,-,-,-
Proportion of seats held by women in national parliament,Latin America and the Caribbean,214,Dominican Republic,2017,Female,-,-,-,26.8421,-,-,Percentage,Country data,-,Annual data as of 1 Feb of given year.,-,-,-,-
Proportion of seats held by women in national parliament,Latin America and the Caribbean,218,Ecuador,2017,Female,-,-,-,41.6058,-,-,Percentage,Country data,-,Annual data as of 1 Feb of given year.,-,-,-,-
Proportion of seats held by women in national parliament,Latin America and the Caribbean,222,El Salvador,2017,Female,-,-,-,32.1429,-,-,Percentage,Country data,-,Annual data as of 1 Feb of given year.,-,-,-,-
Proportion of seats held by women in national parliament,Latin America and the Caribbean,308,Grenada,2017,Female,-,-,-,33.3333,-,-,Percentage,Country data,-,Annual data as of 1 Feb of given year.,-,-,-,-
Proportion of seats held by women in national parliament,Latin America and the Caribbean,320,Guatemala,2017,Female,-,-,-,12.6582,-,-,Percentage,Country data,-,Annual data as of 1 Feb of given year.,-,-,-,-
Proportion of seats held by women in national parliament,Latin America and the Caribbean,328,Guyana,2017,Female,-,-,-,31.8841,-,-,Percentage,Country data,-,Annual data as of 1 Feb of given year.,-,-,-,-
Proportion of seats held by women in national parliament,Latin America and the Caribbean,332,Haiti,2017,Female,-,-,-,2.5641,-,-,Percentage,Country data,-,Annual data as of 1 Feb of given year.,-,-,-,-
Proportion of seats held by women in national parliament,Latin America and the Caribbean,340,Honduras,2017,Female,-,-,-,25.7813,-,-,Percentage,Country data,-,Annual data as of 1 Feb of given year.,-,-,-,-
Proportion of seats held by women in national parliament,Latin America and the Caribbean,388,Jamaica,2017,Female,-,-,-,17.4603,-,-,Percentage,Country data,-,Annual data as of 1 Feb of given year.,-,-,-,-
Proportion of seats held by women in national parliament,Latin America and the Caribbean,484,Mexico,2017,Female,-,-,-,42.6,-,-,Percentage,Country data,-,Annual data as of 1 Feb of given year.,-,-,-,-
Proportion of seats held by women in national parliament,Latin America and the Caribbean,558,Nicaragua,2017,Female,-,-,-,45.6522,-,-,Percentage,Country data,-,Annual data as of 1 Feb of given year.,-,-,-,-
Proportion of seats held by women in national parliament,Latin America and the Caribbean,591,Panama,2017,Female,-,-,-,18.3099,-,-,Percentage,Country data,-,Annual data as of 1 Feb of given year.,-,-,-,-
Proportion of seats held by women in national parliament,Latin America and the Caribbean,600,Paraguay,2017,Female,-,-,-,13.75,-,-,Percentage,Country data,-,Annual data as of 1 Feb of given year.,-,-,-,-
Proportion of seats held by women in national parliament,Latin America and the Caribbean,604,Peru,2017,Female,-,-,-,27.6923,-,-,Percentage,Country data,-,Annual data as of 1 Feb of given year.,-,-,-,-
Proportion of seats held by women in national parliament,Latin America and the Caribbean,659,Saint Kitts and Nevis,2017,Female,-,-,-,13.3333,-,-,Percentage,Country data,-,Annual data as of 1 Feb of given year.,-,-,-,-
Proportion of seats held by women in national parliament,Latin America and the Caribbean,662,Saint Lucia,2017,Female,-,-,-,16.6667,-,-,Percentage,Country data,-,Annual data as of 1 Feb of given year.,-,-,-,-
Proportion of seats held by women in national parliament,Latin America and the Caribbean,670,Saint Vincent and the Grenadines,2017,Female,-,-,-,13.0435,-,-,Percentage,Country data,-,Annual data as of 1 Feb of given year.,-,-,-,-
Proportion of seats held by women in national parliament,Latin America and the Caribbean,740,Suriname,2017,Female,-,-,-,25.4902,-,-,Percentage,Country data,-,Annual data as of 1 Feb of given year.,-,-,-,-
Proportion of seats held by women in national parliament,Latin America and the Caribbean,780,Trinidad and Tobago,2017,Female,-,-,-,30.9524,-,-,Percentage,Country data,-,Annual data as of 1 Feb of given year.,-,-,-,-
Proportion of seats held by women in national parliament,Latin America and the Caribbean,858,Uruguay,2017,Female,-,-,-,20.202,-,-,Percentage,Country data,-,Annual data as of 1 Feb of given year.,-,-,-,-
Proportion of seats held by women in national parliament,Latin America and the Caribbean,862,Venezuela (Bolivarian Republic of),2017,Female,-,-,-,22.1557,-,-,Percentage,Country data,-,Annual data as of 1 Feb of given year.,-,-,-,-
Proportion of seats held by women in national parliament,Caucasus and Central Asia,31,Azerbaijan,2017,Female,-,-,-,16.8,-,-,Percentage,Country data,-,Annual data as of 1 Feb of given year.,-,-,-,-
Proportion of seats held by women in national parliament,Caucasus and Central Asia,51,Armenia,2017,Female,-,-,-,9.9237,-,-,Percentage,Country data,-,Annual data as of 1 Feb of given year.,-,-,-,-
Proportion of seats held by women in national parliament,Caucasus and Central Asia,268,Georgia,2017,Female,-,-,-,16,-,-,Percentage,Country data,-,Annual data as of 1 Feb of given year.,-,-,-,-
Proportion of seats held by women in national parliament,Caucasus and Central Asia,398,Kazakhstan,2017,Female,-,-,-,27.1028,-,-,Percentage,Country data,-,Annual data as of 1 Feb of given year.,-,-,-,-
Proportion of seats held by women in national parliament,Caucasus and Central Asia,417,Kyrgyzstan,2017,Female,-,-,-,19.1667,-,-,Percentage,Country data,-,Annual data as of 1 Feb of given year.,-,-,-,-
Proportion of seats held by women in national parliament,Caucasus and Central Asia,762,Tajikistan,2017,Female,-,-,-,19.0476,-,-,Percentage,Country data,-,Annual data as of 1 Feb of given year.,-,-,-,-
Proportion of seats held by women in national parliament,Caucasus and Central Asia,795,Turkmenistan,2017,Female,-,-,-,25.8065,-,-,Percentage,Country data,-,Annual data as of 1 Feb of given year.,-,-,-,-
Proportion of seats held by women in national parliament,Caucasus and Central Asia,860,Uzbekistan,2017,Female,-,-,-,16,-,-,Percentage,Country data,-,Annual data as of 1 Feb of given year.,-,-,-,-
Proportion of seats held by women in national parliament,Western Asia,48,Bahrain,2017,Female,-,-,-,7.5,-,-,Percentage,Country data,-,Annual data as of 1 Feb of given year.,-,-,-,-
Proportion of seats held by women in national parliament,Western Asia,368,Iraq,2017,Female,-,-,-,25.3049,-,-,Percentage,Country data,-,Annual data as of 1 Feb of given year.,-,-,-,-
Proportion of seats held by women in national parliament,Western Asia,400,Jordan,2017,Female,-,-,-,15.3846,-,-,Percentage,Country data,-,Annual data as of 1 Feb of given year.,-,-,-,-
Proportion of seats held by women in national parliament,Western Asia,414,Kuwait,2017,Female,-,-,-,3.0769,-,-,Percentage,Country data,-,Annual data as of 1 Feb of given year.,-,-,-,-
Proportion of seats held by women in national parliament,Western Asia,422,Lebanon,2017,Female,-,-,-,3.125,-,-,Percentage,Country data,-,Annual data as of 1 Feb of given year.,-,-,-,-
Proportion of seats held by women in national parliament,Western Asia,512,Oman,2017,Female,-,-,-,1.1765,-,-,Percentage,Country data,-,Annual data as of 1 Feb of given year.,-,-,-,-
Proportion of seats held by women in national parliament,Western Asia,634,Qatar,2017,Female,-,-,-,0,-,-,Percentage,Country data,-,Annual data as of 1 Feb of given year.,-,-,-,-
Proportion of seats held by women in national parliament,Western Asia,682,Saudi Arabia,2017,Female,-,-,-,19.8675,-,-,Percentage,Country data,-,Annual data as of 1 Feb of given year.,-,-,-,-
Proportion of seats held by women in national parliament,Western Asia,760,Syrian Arab Republic,2017,Female,-,-,-,13.2,-,-,Percentage,Country data,-,Annual data as of 1 Feb of given year.,-,-,-,-
Proportion of seats held by women in national parliament,Western Asia,784,United Arab Emirates,2017,Female,-,-,-,20,-,-,Percentage,Country data,-,Annual data as of 1 Feb of given year.,-,-,-,-
Proportion of seats held by women in national parliament,Western Asia,792,Turkey,2017,Female,-,-,-,14.9091,-,-,Percentage,Country data,-,Annual data as of 1 Feb of given year.,-,-,-,-
Proportion of seats held by women in national parliament,Western Asia,887,Yemen,2017,Female,-,-,-,0,-,-,Percentage,Country data,-,Annual data as of 1 Feb of given year.,-,-,-,-
Proportion of seats held by women in national parliament,South-eastern Asia,96,Brunei Darussalam,2017,Female,-,-,-,9.0909,-,-,Percentage,Country data,-,Annual data as of 1 Feb of given year.,-,-,-,-
Proportion of seats held by women in national parliament,South-eastern Asia,104,Myanmar,2017,Female,-,-,-,10.1617,-,-,Percentage,Country data,-,Annual data as of 1 Feb of given year.,-,-,-,-
Proportion of seats held by women in national parliament,South-eastern Asia,116,Cambodia,2017,Female,-,-,-,20.3252,-,-,Percentage,Country data,-,Annual data as of 1 Feb of given year.,-,-,-,-
Proportion of seats held by women in national parliament,South-eastern Asia,360,Indonesia,2017,Female,-,-,-,19.8214,-,-,Percentage,Country data,-,Annual data as of 1 Feb of given year.,-,-,-,-
Proportion of seats held by women in national parliament,South-eastern Asia,418,Lao People's Democratic Republic,2017,Female,-,-,-,27.5168,-,-,Percentage,Country data,-,Annual data as of 1 Feb of given year.,-,-,-,-
Proportion of seats held by women in national parliament,South-eastern Asia,458,Malaysia,2017,Female,-,-,-,10.3604,-,-,Percentage,Country data,-,Annual data as of 1 Feb of given year.,-,-,-,-
Proportion of seats held by women in national parliament,South-eastern Asia,608,Philippines,2017,Female,-,-,-,29.4521,-,-,Percentage,Country data,-,Annual data as of 1 Feb of given year.,-,-,-,-
Proportion of seats held by women in national parliament,South-eastern Asia,626,Timor-Leste,2017,Female,-,-,-,38.4615,-,-,Percentage,Country data,-,Annual data as of 1 Feb of given year.,-,-,-,-
Proportion of seats held by women in national parliament,South-eastern Asia,702,Singapore,2017,Female,-,-,-,23.7624,-,-,Percentage,Country data,-,Annual data as of 1 Feb of given year.,-,-,-,-
Proportion of seats held by women in national parliament,South-eastern Asia,704,Viet Nam,2017,Female,-,-,-,26.7206,-,-,Percentage,Country data,-,Annual data as of 1 Feb of given year.,-,-,-,-
Proportion of seats held by women in national parliament,South-eastern Asia,764,Thailand,2017,Female,-,-,-,4.8583,-,-,Percentage,Country data,-,Annual data as of 1 Feb of given year.,-,-,-,-
Proportion of seats held by women in national parliament,Eastern Asia,156,China,2017,Female,-,-,-,23.703,-,-,Percentage,Country data,-,Annual data as of 1 Feb of given year.,-,-,-,-
Proportion of seats held by women in national parliament,Eastern Asia,408,Democratic People's Republic of Korea,2017,Female,-,-,-,16.3028,-,-,Percentage,Country data,-,Annual data as of 1 Feb of given year.,-,-,-,-
Proportion of seats held by women in national parliament,Eastern Asia,410,Republic of Korea,2017,Female,-,-,-,17,-,-,Percentage,Country data,-,Annual data as of 1 Feb of given year.,-,-,-,-
Proportion of seats held by women in national parliament,Eastern Asia,496,Mongolia,2017,Female,-,-,-,17.1053,-,-,Percentage,Country data,-,Annual data as of 1 Feb of given year.,-,-,-,-
Proportion of seats held by women in national parliament,-,53,-,2017,Female,-,-,-,31.1111,-,-,Percentage,Country data,-,Annual data as of 1 Feb of given year.,-,-,-,-
Proportion of seats held by women in national parliament,-,29,-,2017,Female,-,-,-,33.8005,-,-,Percentage,Country data,-,Annual data as of 1 Feb of given year.,-,-,-,-
Proportion of seats held by women in national parliament,-,13,-,2017,Female,-,-,-,33.066,-,-,Percentage,Country data,-,Annual data as of 1 Feb of given year.,-,-,-,-
Proportion of seats held by women in national parliament,-,62,-,2017,Female,-,-,-,18.5332,-,-,Percentage,Country data,-,Annual data as of 1 Feb of given year.,-,-,-,-
Proportion of seats held by women in national parliament,-,143,-,2017,Female,-,-,-,21.2766,-,-,Percentage,Country data,-,Annual data as of 1 Feb of given year.,-,-,-,-
Proportion of seats held by women in national parliament,-,14,-,2017,Female,-,-,-,29.695,-,-,Percentage,Country data,-,Annual data as of 1 Feb of given year.,-,-,-,-
Proportion of seats held by women in national parliament,-,753,-,2017,Female,-,-,-,20.0527,-,-,Percentage,Country data,-,Annual data as of 1 Feb of given year.,-,-,-,-
Proportion of seats held by women in national parliament,-,30,-,2017,Female,-,-,-,20.4814,-,-,Percentage,Country data,-,Annual data as of 1 Feb of given year.,-,-,-,-
Proportion of seats held by women in national parliament,-,151,-,2017,Female,-,-,-,19.4215,-,-,Percentage,Country data,-,Annual data as of 1 Feb of given year.,-,-,-,-
Proportion of seats held by women in national parliament,-,150,-,2017,Female,-,-,-,28.0193,-,-,Percentage,Country data,-,Annual data as of 1 Feb of given year.,-,-,-,-
Proportion of seats held by women in national parliament,-,513,-,2017,Female,-,-,-,27.5756,-,-,Percentage,Country data,-,Annual data as of 1 Feb of given year.,-,-,-,-
Proportion of seats held by women in national parliament,-,432,-,2017,Female,-,-,-,25.871,-,-,Percentage,Country data,-,Annual data as of 1 Feb of given year.,-,-,-,-
Proportion of seats held by women in national parliament,-,419,-,2017,Female,-,-,-,29.4076,-,-,Percentage,Country data,-,Annual data as of 1 Feb of given year.,-,-,-,-
Proportion of seats held by women in national parliament,-,199,-,2017,Female,-,-,-,23.2337,-,-,Percentage,Country data,-,Annual data as of 1 Feb of given year.,-,-,-,-
Proportion of seats held by women in national parliament,-,54,-,2017,Female,-,-,-,4.5627,-,-,Percentage,Country data,-,Annual data as of 1 Feb of given year.,-,-,-,-
Proportion of seats held by women in national parliament,-,57,-,2017,Female,-,-,-,7.8125,-,-,Percentage,Country data,-,Annual data as of 1 Feb of given year.,-,-,-,-
Proportion of seats held by women in national parliament,-,17,-,2017,Female,-,-,-,17.4447,-,-,Percentage,Country data,-,Annual data as of 1 Feb of given year.,-,-,-,-
Proportion of seats held by women in national parliament,-,15,-,2017,Female,-,-,-,23.8179,-,-,Percentage,Country data,-,Annual data as of 1 Feb of given year.,-,-,-,-
Proportion of seats held by women in national parliament,-,747,-,2017,Female,-,-,-,18.4301,-,-,Percentage,Country data,-,Annual data as of 1 Feb of given year.,-,-,-,-
Proportion of seats held by women in national parliament,-,21,-,2017,Female,-,-,-,22.2078,-,-,Percentage,Country data,-,Annual data as of 1 Feb of given year.,-,-,-,-
Proportion of seats held by women in national parliament,-,154,-,2017,Female,-,-,-,33.3175,-,-,Percentage,Country data,-,Annual data as of 1 Feb of given year.,-,-,-,-
Proportion of seats held by women in national parliament,-,9,-,2017,Female,-,-,-,15.0266,-,-,Percentage,Country data,-,Annual data as of 1 Feb of given year.,-,-,-,-
Proportion of seats held by women in national parliament,-,543,-,2017,Female,-,-,-,6.0166,-,-,Percentage,Country data,-,Annual data as of 1 Feb of given year.,-,-,-,-
Proportion of seats held by women in national parliament,-,61,-,2017,Female,-,-,-,7.6923,-,-,Percentage,Country data,-,Annual data as of 1 Feb of given year.,-,-,-,-
Proportion of seats held by women in national parliament,-,722,-,2017,Female,-,-,-,23.9236,-,-,Percentage,Country data,-,Annual data as of 1 Feb of given year.,-,-,-,-
Proportion of seats held by women in national parliament,-,5,-,2017,Female,-,-,-,24.4919,-,-,Percentage,Country data,-,Annual data as of 1 Feb of given year.,-,-,-,-
Proportion of seats held by women in national parliament,-,35,-,2017,Female,-,-,-,19.3453,-,-,Percentage,Country data,-,Annual data as of 1 Feb of given year.,-,-,-,-
Proportion of seats held by women in national parliament,-,18,-,2017,Female,-,-,-,33.4225,-,-,Percentage,Country data,-,Annual data as of 1 Feb of given year.,-,-,-,-
Proportion of seats held by women in national parliament,-,34,-,2017,Female,-,-,-,17.9647,-,-,Percentage,Country data,-,Annual data as of 1 Feb of given year.,-,-,-,-
Proportion of seats held by women in national parliament,-,39,-,2017,Female,-,-,-,29.4025,-,-,Percentage,Country data,-,Annual data as of 1 Feb of given year.,-,-,-,-
Proportion of seats held by women in national parliament,-,202,-,2017,Female,-,-,-,23.7273,-,-,Percentage,Country data,-,Annual data as of 1 Feb of given year.,-,-,-,-
Proportion of seats held by women in national parliament,-,11,-,2017,Female,-,-,-,14.8782,-,-,Percentage,Country data,-,Annual data as of 1 Feb of given year.,-,-,-,-
Proportion of seats held by women in national parliament,-,145,-,2017,Female,-,-,-,13.8022,-,-,Percentage,Country data,-,Annual data as of 1 Feb of given year.,-,-,-,-
Proportion of seats held by women in national parliament,-,155,-,2017,Female,-,-,-,32.1161,-,-,Percentage,Country data,-,Annual data as of 1 Feb of given year.,-,-,-,-
Proportion of seats held by women in national parliament,-,1,-,2017,Female,-,-,-,23.38808,-,-,Percentage,Country data,-,Annual data as of 1 Feb of given year.,-,-,-,-
Proportion of seats held by women in national parliament,-,135,-,2017,Female,-,-,-,18.3505,-,-,Percentage,Country data,-,Annual data as of 1 Feb of given year.,-,-,-,-
Proportion of seats held by women in national parliament,-,514,-,2017,Female,-,-,-,26.8217,-,-,Percentage,Country data,-,Annual data as of 1 Feb of given year.,-,-,-,-
Proportion of seats held by women in national parliament,-,518,-,2017,Female,-,-,-,21.8096,-,-,Percentage,Country data,-,Annual data as of 1 Feb of given year.,-,-,-,-
Proportion of seats held by women in national parliament,-,746,-,2017,Female,-,-,-,22.282,-,-,Percentage,Country data,-,Annual data as of 1 Feb of given year.,-,-,-,-
Proportion of seats held by women in national parliament,-,738,-,2017,Female,-,-,-,24.0448,-,-,Percentage,Country data,-,Annual data as of 1 Feb of given year.,-,-,-,-
Proportion of seats held by women in national parliament,-,485,-,2017,Female,-,-,-,12.8069,-,-,Percentage,Country data,-,Annual data as of 1 Feb of given year.,-,-,-,-
Proportion of seats held by women in national parliament,-,142,-,2017,Female,-,-,-,18.4092,-,-,Percentage,Country data,-,Annual data as of 1 Feb of given year.,-,-,-,-
